{"cameraMode":{"drawMode":0,"name":"Shaded","section":"Shading Mode"},"sceneLighting":true,"audioPlay":false,"sceneViewState":{"showFog":true,"showMaterialUpdate":false,"showSkybox":true,"showFlares":true,"showImageEffects":true,"showParticleSystems":true},"in2DMode":false,"pivot":{"x":1.5499999523162842,"y":3.200000047683716,"z":4.546999931335449},"rotation":{"x":-0.056633420288562778,"y":-0.9402810335159302,"z":0.19482727348804475,"w":-0.27332985401153567},"size":2.8578836917877199,"orthographic":false}